"Y","X1","X2","X3","X4","X5","X6","X7","X8","X9","X10","X11","X12","X13","X14","X15","X16","X17","X18","X19","X20","X21","X22","X23","X24","X25"
-30.1658071053371,-0.777344171313206,-3.68175452838335,2.49240122359787,-1.58737572485424,-1.46906414696758,-3.25750879594589,-0.0205182321501125,1.20698865419171,1.74634098871561,-2.24199682170355,-3.18924912585955,-2.23184390784745,-0.124377419625842,3.37843607437124,-0.40809783286543,-0.755853944093026,-8.53926203167003,1.08068351802268,-3.12838484593978,-7.71320080299622,-0.31154473931048,-2.23203711594939,2.59637937362591,1.07967305701711,-2.11425069894573
-0.273427188244307,1.11124121942168,4.01008142108681,2.52314177901425,-0.362807638386868,-5.50187561276725,-2.04959233435115,-0.461012128704216,-0.697893392165959,2.51805041783121,-3.4493306577215,1.09730088357894,-1.09692763611171,-0.97316092429104,2.16763385307479,-0.255958420277473,-0.78484681924229,2.06504319753724,-0.952880723568531,4.15157913153525,2.21707840291527,4.25911830421093,-0.794681157015381,-1.35321154817811,2.96978976448832,-0.483508841998195
-19.4961802173751,-3.97937448515913,-3.45916737103131,-4.5466005238656,-2.51647844908629,0.286632249120963,-3.01419897322259,3.65014581618685,0.322050111744564,-3.74421167283166,-2.10380117859805,-2.30807557302358,2.36208972982483,-0.233731677205112,-3.45275841700027,-0.61640267728772,1.64193253018421,0.0865305871157858,2.58749505089882,-6.49221395726308,2.58835278414624,6.24179138709419,4.69780039120333,-0.757676437193455,1.21162359251883,0.0858652619548268
2.98328731665168,0.901052026572567,4.11838043920527,-0.595188462425119,1.8393042076836,-0.756672537299034,-3.01470906330821,0.78598025212963,0.728539066513044,4.69836384084466,-1.2435792554579,-2.57571926721699,-1.42577172350468,1.27402743206132,7.75266116896745,1.74321653587993,2.19012564198828,0.583896949210881,0.624878445491169,-1.07694003721197,5.57145074150595,2.48469594993906,0.501773594125811,3.78081707762354,-0.681339477371318,-1.15310191838127
-4.61788518546004,3.8637837450644,1.0941247384183,1.06617277225417,-1.56361389623773,8.10757788010652,1.59852949221665,-7.94959133437536,3.74708881706889,4.25500030743852,3.99614125996569,-6.66887140771382,-3.4339368987775,-4.66987865438454,4.08393896694586,-4.10452415590739,-3.60018362125683,2.56558421350188,-2.05916958800229,-1.72037327837101,-1.29564609011837,3.81826381461016,-0.790156333756037,-0.376770053719617,-1.23329752489717,-0.169943670883196
-16.4295468610292,-1.90824483887905,1.12451416811712,0.351417800911741,-1.09697045967879,0.385911168190053,-0.651271935786572,-0.168466995794203,-1.74883300627773,1.36385766056104,-0.392813105700809,5.64600869759921,-2.14232945289026,-0.636784520235721,-1.59014008531746,1.37179942935993,2.31041563022723,1.34745015106743,3.67678878852303,2.59192020787495,1.02964823178357,0.0331890931368682,1.73084185369576,-1.23894626960136,4.92908406592519,-2.14659152227628
-20.5918945035089,0.259086671005835,4.07611451559327,1.55024497913389,-7.11235846804578,-1.61303029036547,-4.18001390978885,0.476471496910093,-2.9569992199166,-1.58310650848933,1.94420069511944,1.19202155469509,0.000720058467066892,-2.56147835475333,3.97037299311135,7.16994584492041,5.94708407780919,-1.99872804431512,1.2257403859496,-0.104679663258094,0.801696961453459,0.206733734488451,4.3497912993577,1.09797448344164,1.67086971927105,-1.50088046662257
24.5944537725137,-0.54132224564946,5.78198307434545,-2.825588868106,-2.71937605313651,-1.79431017115806,2.25175820357935,0.20780564276924,-3.62971596132894,0.667226008914412,2.05407498270887,-3.3767743649407,-8.0636570685439,-0.454175351385223,-0.781635192697753,-2.0599655657901,5.1048751726876,-3.21279356529723,-1.99538465457521,-2.01709579384861,4.87416290537882,0.331280060311271,1.11011792564295,0.319177209703029,-0.676756348622285,4.55598724984688
34.3877840345819,-3.55745315227341,-0.822263464247907,-0.0216108210411613,0.927275621707021,0.550154493947593,-1.85143893145585,-1.39265137467473,2.15899738638409,0.529266030294158,0.959074119922436,-0.292781026132279,-4.43303977637801,0.00334227314875155,1.64729837705626,-7.4915614527891,-4.10701063698099,3.14397110526623,-5.04765818979734,2.7789386551051,1.66488506160567,-2.02289338991099,-4.86629249144003,4.60296770653143,0.382390103116245,4.01965323416373
18.1194273966731,-1.92247297382565,3.80017615250571,-1.34020057519253,-1.887579045407,-0.436024295571761,-3.83472535303461,0.508081744725728,1.50232741890759,0.716162997131762,0.186990199104639,1.4176835487804,0.87561836505698,7.36519305259858,-1.65781267975101,-3.69323334767893,-0.283664645688225,-0.647651369474116,-4.82774039318847,1.40333545927401,-4.20118599499904,-1.88709187712848,5.22468125585939,0.286316244616723,4.07114713023948,0.576443384197552
-17.1082590579747,6.62198369717378,1.68624307849455,-0.276792522975768,-5.02501407073381,-0.349710168420116,-0.90563349788107,-6.19857415160233,4.11102961518845,-4.56419721039583,5.29251180600373,-0.499432092040732,2.24283288620962,-2.83984292341693,1.77297346110079,-2.59817112530255,0.216995772590711,-0.2092782233723,5.97055527085854,-0.795389879941672,0.306322877345166,-0.872537233981929,1.25818789838413,-11.2339525718225,1.20898029486784,1.73092835443371
-14.3503833237332,-5.64179290080449,-3.98528107102871,3.16419086416694,3.38872254557894,-4.78705497187104,4.98305408515814,-3.05129917163995,2.06439922512553,0.870452795267665,-3.91727109568694,1.3112156526435,5.09868023713695,-0.905210660592618,3.23158654955884,-2.10667219956756,0.355062603255399,-5.74559823315723,4.32245396483991,-0.897269892643372,-3.40668428128797,2.61387417945493,-2.65039514466372,-4.56639794488212,1.75091011483945,6.52840316167163
-3.4585219572274,0.0595532607352492,2.89630356976557,1.38923436006364,-0.0855074573420028,6.15233903784859,5.55545921746695,-1.8922138920472,-0.38157634236244,-0.561563910022906,5.67656848830641,2.26408805744275,1.55577228805731,0.602991735056736,-2.08046636586714,3.54715138598635,6.31030327315579,-0.827246658228282,1.39702758612339,-5.59336383791041,0.565413126249697,0.940156238070043,1.37762102926103,1.48908318187773,-1.1104231515933,1.42869241510118
-6.61902325379662,1.26321334701338,0.711198670095545,-3.33035954314887,4.22168475699927,-2.94426213171201,-1.88881610059011,0.69649882791984,0.952668400027425,3.26529185997335,6.19554180117221,1.02237441002789,4.34819099010336,-0.786859874115748,1.80421769640554,4.84863912017342,-6.57796977009034,1.04290802506273,-0.111736826382425,1.16124515150955,-1.17949715594979,-1.01728306085306,5.44916927789214,-2.95071648693063,-4.86396854097569,-3.17994375066168
-5.8546916666665,-0.847372649365895,-1.95018702437103,5.46469876594764,0.74811313260802,-3.80104065805964,0.385967302215938,-3.47515721392999,0.873139566326651,-3.22200737447525,-0.53783114951352,-3.8386574619054,-0.181512103286284,2.92026378386368,3.26532946586843,-2.78375861763569,0.812854394481516,-1.17302912214867,1.15146239239922,-0.105982342015012,1.65860369267888,-0.918577938795273,3.56057465539204,3.26484200782739,0.0548457699953956,-3.98575905512028
2.44578685511414,1.67190475244446,-1.35031665836399,5.72667104704324,1.61834442167841,-4.51251913818545,-0.0637077602044406,0.805330764677567,-4.15390027489184,-2.54737818963896,-2.08982324284002,0.086088806305195,4.68789959769077,-5.16066732646553,-1.75811610642928,1.64331460697207,4.09677925598809,-2.19139561962419,-1.55874951239722,2.10733788291544,-2.81902738212886,-3.9163586555738,-1.99477091986154,2.25492283439361,-0.869775527730817,5.21388874273419
-13.6942850502104,-3.9899866568634,-2.48338132808366,3.40538980926483,2.91030122749088,8.21606674596401,0.35865032661263,-2.52261441991735,0.163205954309353,1.69747106119175,1.13407289111771,-5.38147044606681,-8.67651500403136,0.128406296677236,0.391065815828529,0.406148813677936,-0.00873415869499057,2.51277775997829,1.115415320359,2.58826551109752,2.8195539243564,3.86099095814157,1.87227441327605,1.19091818434884,0.0228017658123366,-0.889450131798216
-12.7752281392981,2.14078435720802,-0.560364181536145,2.01494819669397,-2.35342609916,2.10369726574567,-0.866687134226164,-1.7085658259756,0.324224004217503,3.66571752344379,1.94060319052242,-0.10101076166531,-0.122037061274122,0.743595884940034,1.18215354967453,6.3989274972029,-2.64393406526541,-0.867354098967074,-4.28650943771747,-0.598483467024398,-0.143139648673835,-3.40161054838247,-3.72969432691745,-4.27860770264786,4.30201890766787,-1.19646879941944
13.4863208723578,-3.60075494677859,-0.868992818478715,-4.26605958270414,-0.616712313830475,5.59234367291503,0.217503376293838,-2.194294349717,-2.14297526266268,-6.04852907844281,-3.31103739524743,0.0852843649695169,-1.91502392873221,-0.0674009668646831,2.34594764705122,1.72529615025807,-0.246668815707026,-4.71453619318653,-5.68547916118077,2.3743486802733,2.63637677598809,4.47691885819805,3.73536241155308,3.0284140639022,2.30306367131624,-3.59909760376196
5.60004643446955,-0.18267941315582,3.0787990230296,1.7575940909111,2.78562079178283,-4.437513844474,0.0095456970436906,-4.50397720797341,-4.26460687278754,-1.31464352036393,-0.125287591015553,-3.85904487668052,1.52130949161334,-3.45975610437892,5.04605992578098,-4.14311502821509,5.29975863714964,5.31557890397961,-0.482795248397176,-0.398084511509318,-1.67148413110134,4.75324178800408,6.20799377809703,1.93965849395154,-3.87772114906053,-0.436360245080733
1.3627870855903,3.64404294011589,-5.07969909503765,-5.50335893106786,1.64487420136857,2.83220501081617,5.24476186527813,-3.98198275338312,-3.41252915209408,-1.23918806201002,6.83895107444004,5.11010324200964,-3.92224557966561,1.74943736924043,-1.99943204389785,5.47432183411654,-1.40964267069067,-1.44983260783157,2.39782218250061,-2.55793599563695,3.94687149198756,0.357273389144685,2.67328837098537,-3.56758416106401,-3.30463762573482,7.14990856941653
-20.0809620214132,3.15060455689249,0.0326657656688325,6.1224947158358,0.0989156866170393,-5.48016896734576,1.6889863982222,-2.04480841779702,1.69504925903215,0.968460558663553,2.86463524106262,0.025039233082881,6.15837571237986,-0.228273784425688,4.18150981378665,-5.2121479065984,-0.358832720360286,-0.233122272106296,0.244459521940097,-4.21271032123845,-0.606432308958725,-4.9631654418215,-1.5267302503431,-0.0987306830316959,2.14835419829399,-4.25560333149322
8.42877375327339,-0.0879696834426596,2.36290663458728,-1.56678887844725,5.03153620205998,0.668977942891073,-2.78084591660625,1.62139296614207,1.51772438158574,-2.46369864385151,-1.49857658398144,1.86478065227389,3.07375094668893,-1.99446207098143,-0.204839503457672,-0.782147820730201,-2.36275205057271,3.86103776709132,-0.708073414370505,-2.11818777341768,-2.32598586356374,4.83424202559948,-1.25741363228121,-2.13233097849247,-3.59639980941193,-2.18636522026387
-4.66202582944869,-0.989648979450747,3.97437554913479,3.55623507701824,-0.41690079910391,0.252998284499327,-0.174856061077732,-2.93407237277858,0.0597980798116382,-1.78306672877362,2.78197384154965,0.662493296863977,-2.43473670934234,-0.363703696537044,3.51210679384961,0.655651325862408,-2.63069224536226,-2.69937386707057,1.56778717953945,-1.87882471752103,-0.530895216891525,4.78374275904853,-3.0770634265518,4.65996702617368,0.180745554295209,1.8985042440911
15.3175010176766,0.133289382096984,1.54368544058618,-1.40169603710216,2.2236730857566,0.40599785599043,-1.01423247518963,-1.23777600442887,0.00469470205359164,4.73006720735088,-2.66113274949826,5.39373093827935,-1.56347970546878,3.26882558195956,2.19145419776989,-0.508868359764544,-1.29215600258944,-0.654224742940115,-4.30366970679906,-3.41706183069446,-0.323436393478441,4.71475980264648,-2.95025090970746,-2.8529149685607,-4.08131228872912,4.14250250422413
-13.3489336255745,5.2053075347214,-4.63985883484902,2.47641491758533,-1.142236620785,1.72759408221899,2.43857641997039,-1.60508266233976,0.145319902914521,-2.52322784573563,-4.21897008649529,0.749297356020718,-2.05201141499806,-0.0178176310385455,0.163984731706031,-3.54386247913997,-2.99117348420879,-0.211568975160276,3.26235590646027,1.3939136664152,0.381247940980943,-0.626473998373469,0.236390232915108,-5.70290543335874,0.935637624729452,-0.496223989732917
-28.9712431322254,-2.41231899895454,-3.64348671953369,0.996941373704342,0.631436638368581,-3.73226564903029,0.918960614656152,-3.55511527048852,-4.72684987855947,2.57886779734638,0.721906409252166,-3.06534442670302,0.890480676199629,-0.781237718496415,-0.50408866242642,4.40536337477926,-1.44126390945792,-0.160820635724774,-1.26483956602857,0.809556929239043,-1.93256421807203,4.76288296207959,5.2384260516392,0.577097866507911,1.40984337199257,-0.0709030080534473
-19.9987824051436,-1.33113435968452,0.417369928364727,-6.13830656149984,-1.17412871422154,-5.00244439136425,-0.757931463451952,3.45966408219263,0.556906747138924,3.33796433772438,2.57769989620615,4.51506951958062,-2.225842778455,1.14693643218318,0.860921955615491,-0.0567943226069761,4.35734872896489,1.32983723923369,0.683849818637998,-6.22374488089138,-7.08625111436231,0.319229417242936,-4.41677133104318,3.61362114231616,-0.211970347357138,1.48844486929888
19.3443783050887,1.14941776665675,0.60412208250979,0.170467120522735,2.43195767643109,1.09125437506271,-4.03982147024913,2.00261599246985,7.51981569919103,-2.51938892699247,1.84048261816209,3.91758241974727,-0.978341749744703,1.38205028230336,-4.13423373712925,-2.73697975202623,0.679109824494918,3.63199261428402,-2.96502438116475,-4.89881417629024,-0.375948804390396,1.71468745321836,-0.0479700056103026,-0.416716788447698,-1.46382829312483,-3.23388116914252
41.5523568611785,2.28924219891416,4.12602154684006,0.0369617201429775,2.91898822955266,-3.01038339667723,4.8997756109349,-0.121223339505063,-0.753296465896119,0.249250936738359,2.05697792059033,3.8499120362343,3.42633483298506,0.792995208930305,-2.54109578952598,3.86610773321168,1.17819245233069,-1.68711703909505,-2.66514521767611,1.3142314020521,1.90763333557798,0.530147129761164,3.68291307919033,-2.06140404298138,-1.88699417705402,0.336971402591769
-7.87734239648905,0.649576952884352,1.7927763114719,6.75606271716557,-0.282759950241536,-0.332987960646639,-0.877868678890783,0.276334446955305,1.22286232841715,2.15698376560786,1.94442864477719,-1.52258252891836,7.65925013281511,1.1465469436057,0.609867056815526,-1.40377540640319,2.57066342451833,1.25357192476179,5.78546681083563,-0.803420329823187,-0.400077697316351,0.895350809516657,0.623539176439776,-2.81037865212381,-0.737580892010007,1.07706855801521
4.83639851318369,1.39837142991702,0.383237998314043,-0.810079113180702,2.76959903584272,2.68487486473253,2.84607522688555,0.325838070097985,3.17240527946765,0.852827132983071,2.92286009401861,-1.23211828017276,-0.801179055501525,0.576155778794187,0.0523357558817791,5.86403462454464,-3.14052504883474,-3.49340133435186,-1.73067679773644,-0.234974027205002,-2.69147686540404,1.44529197384505,-5.26049428831079,0.828411548612524,0.297364943735396,1.10305125734109
-21.0101413984005,7.27789952688315,-0.399584148458574,1.06118450718757,-3.71822213170737,-1.37555157001854,-0.0400700243503589,-5.25790382217252,6.74024961995826,0.840854620569935,-1.9662955037064,-5.71706905345598,2.84096550656583,0.637551664789173,1.60812106623571,3.86145607297898,-3.99203207682984,6.86881631521428,-0.0488990706133537,-1.14174201381409,3.10808053355881,-2.79190181363196,-2.65098834644703,2.18609273819985,-2.17925728763595,0.520748419920417
1.18379806746283,3.46033907103536,2.37461823219361,0.215023665575074,-0.374662509702734,2.47052554126844,0.642694578095108,0.650598866139175,2.2648914263232,1.09472975419922,1.0710856384631,-1.82286684320071,-0.780770049028999,5.01712058615005,-0.0252217178336782,-2.97280976508102,-3.46906404157934,1.26739464284353,-1.01328102358841,1.24682497286604,1.95115362165393,2.0933991260345,0.377909826148529,-2.10524847194898,-4.02462939613104,-0.899601040709558
-35.4267034984307,-3.29806153639787,1.92428791554489,4.57724712470745,-3.84057897349039,-0.826319092604061,1.40331303446727,-2.07716307491433,-0.390036413188108,-3.67966607375116,-3.08890043100876,0.569949543930491,1.26603962381446,1.1079335312055,3.04074245218942,3.0636871122605,-0.328885716517871,-4.36458109574847,2.71578973998552,4.19541879020578,-2.64797805534891,-1.73544214824123,1.91695120384248,5.91419266256732,4.12437025956662,0.5087644665295
-1.26583227563059,8.06446210353913,-1.90966560472645,2.34462279072182,2.61963421463853,2.97242815769262,1.83704573136889,3.79301383922767,2.36854964777239,-0.874506317387282,2.36682668250086,-1.23924850260943,0.562687620488608,-3.33820878780364,2.89339639652363,-0.87455940287475,1.87834854730248,-1.12661869035362,-0.589580134027618,2.30299462818056,2.41195140265752,0.761104784617937,4.17830748196581,-4.30640294369802,2.62233142541903,3.07059315446299
21.3880057496523,1.23329046994014,-1.57569288775703,2.54518888878738,5.68750573325108,1.80802250521649,0.488582558939544,-0.0624515741381992,-1.38360366299858,0.715239607800165,5.51669464243751,-3.18411266407354,-10.1450981347593,4.86575832822477,0.413712488697512,-1.99043530657843,3.53128079387869,1.3234911784541,-0.964200673770674,-0.0585339270587045,-0.275445268436273,0.982284173357242,-6.69472481995541,-3.00309962268137,0.0512388846855827,0.538561303487085
-20.753555364292,0.507484558882957,3.37633216992676,-3.6748195908172,-3.81344655452637,1.77768324042616,-2.89483865140856,1.48413603705632,-2.54800761387067,-0.333088395685511,-5.54601663178625,1.81112346550247,2.51090622440305,4.30995235710304,-2.63223282075703,2.16537723574096,-2.17991922595751,1.8580190332872,2.72156622005398,3.99130198638624,-0.272583202959093,2.41281491557609,0.230345010611341,0.02066922411872,1.80835995348408,-0.602087587695503
10.3770025566049,-1.53017986604855,-1.25417926871057,-1.42984121500615,1.01853542490852,-0.754693611942515,2.2038307427086,-0.659130651594531,3.0285253537995,-2.2868825771309,2.15103603060346,-3.04779846316977,0.0309874523233845,4.20426738401972,-1.00527663695612,4.82576006862585,-2.34157348055142,-0.51582667791295,-2.51686259350475,-2.58765675313232,1.30525065051595,-0.0429359813049755,-2.37133408123219,-0.143999222384616,-2.8646146364364,-2.48454521051359
7.45076008347429,0.340784077605877,-6.43107453787993,-4.08721956467419,4.57500235794612,2.92473961314721,-4.21749891272701,-1.35780432441085,-0.500996677175364,0.586783242804767,1.83608715799494,-0.590700977856911,-0.379627986490898,0.233359625328259,-1.63020419241893,5.19295555739461,-3.0549864657601,0.00465382036525759,0.396019709443849,1.11149784059267,-3.48421695492955,-1.32851885819312,4.75960260033366,-2.3105384001677,5.13833993686478,4.60092000923285
-9.00736220243696,-3.07219803031503,0.912884992395658,5.53170492849515,0.803403535304416,2.22119017738804,1.69737416072181,-2.72665018901892,4.29134982604697,-0.407299562261446,1.59202819277094,-1.98956018986571,-3.15192235593185,3.67575272241639,0.572116045985293,-0.907458647546307,2.73528072139015,0.594445679388261,4.82325431701009,0.152332512025141,3.10587646572168,-0.813438096445843,1.75966688269451,0.448052642082186,-0.0186816486352672,-1.89073707054756
16.8939983689602,0.257276026558042,6.20079172164443,2.78075428486178,-1.70830872433175,3.12177152200682,6.29908755823644,-1.4900600509628,0.527336922628682,-3.03322435710296,-0.85593016481783,2.54807957885732,-2.30703514411162,1.38442443312642,-4.50030527210954,-0.0881338103025208,4.12166266890741,-0.956308789681238,-0.348505118507028,2.94036259903714,5.71695052892065,-3.37170448928049,0.330244458382049,-4.67132755095754,-0.543590944733287,2.43944239601588
12.9918619439335,4.78410247274167,1.4082211092598,3.03000567336961,4.98484463942655,-4.0635482423299,-6.96168435319463,-0.245302304116875,-8.37348768452703,-0.39901754178316,0.244647204708489,1.74074760195231,3.8457682063827,-5.15843091443678,3.37841187530408,3.88296273803925,-4.58048362662616,-1.726125743073,-0.475347183692301,1.56223573881415,-1.07566842537634,-4.87614626810927,6.43786109098249,-3.862678609127,1.47756538841581,4.97563614891697
-2.19859133239198,2.99381901392209,3.69154519006253,2.80952325539898,0.58524784271544,0.0262779616585548,2.75463093123193,-1.4145929276898,2.42660075612762,-2.58923249041459,-4.43675020207586,0.93769049105283,1.25773496333154,0.188360195928344,2.0188447017724,-1.07204421754889,-6.53282768863831,2.84719188178049,0.513661743949255,3.19192662969284,5.48514385802874,4.6794899805888,2.36759417215489,-3.75610558126631,-0.551815000536384,1.03711884131528
19.2671754675735,3.68978320949793,4.03702743044166,2.07195071793587,2.08319316606686,2.07798520900871,4.69663879398297,-0.012817576189914,-3.43519921321366,-1.63230532401877,-2.20038436488465,-2.23412572996132,-4.00935798439304,-0.613973514207754,1.26384608530104,0.319113172058698,-2.06494855039966,-1.4336403949075,-2.2450025923899,-0.705962316532709,-3.77780151231151,0.895833956100005,2.47015855563658,0.719636414716947,0.471620716200457,0.053728483033158
1.22055848389752,-6.47265409213471,-4.5464184124413,3.09741706401099,1.86947804141648,-5.85258843041651,0.583151316207886,-2.86040844973175,-3.91293263147113,-7.31701683337778,1.19207609847978,-3.5222375066838,2.15905376371033,-2.47836792501078,1.03060287052036,-2.16185785378474,6.23472684736145,0.602235690463741,2.06814022956246,0.70538813224397,3.84755616500957,-0.513383919791079,1.65640651818149,2.2131014542867,2.24176022535662,-1.46166536664314
-6.01835105891512,-5.26571417731756,-2.01497657881642,3.13085597041263,-3.06349226185674,3.646696694366,-4.06928269183898,1.53465527003487,0.935324123665282,-4.13823921518274,-0.363151721376268,-1.70029311776634,5.19516784735688,2.48037610107012,-5.52759053190752,1.07428601419575,0.381724983081978,-0.0515468908293486,-0.433662425342677,-1.78891184897574,1.55456849155203,-0.358779624464321,2.58955064940517,1.15049838158487,-6.23061585980804,0.83230882765071
2.61075787910331,-2.22265133230576,2.64556733231435,-2.16614732450684,-0.595136397921971,-3.76892942205379,-1.15838972968295,0.890646953102715,-3.65337137439049,3.09412761524541,-0.794368372434992,-3.40253635458027,4.30283086479377,-4.35324929465916,-0.237111261913041,-1.80361871691674,-0.865421139458778,4.4210980035378,1.98736977397907,-2.8854880201737,3.67519030084045,4.54666016294309,-6.41034231541945,2.27238193330385,-0.999810125538822,3.50679669161467
16.2270822189674,-0.0318686613668585,-2.81905040537081,3.62547926239069,0.565056542116867,0.129405157510944,0.697634666508655,2.75748975804918,-4.26566908388006,2.75885643344358,3.25122359534478,2.15801416087455,-0.147514759735055,2.29386443937279,2.98828723660716,-0.545635202256486,3.45225851759247,-2.12463705491591,-2.003964936359,-0.754925609559578,1.36669653919226,-1.03011559318155,1.70173331867665,-2.98202006761675,-1.24754259569944,0.152059465779234
5.33343053935824,-1.20801617116416,-0.594727700946068,-3.00274348249759,-0.637365005215438,-0.379836937588589,6.13628605885317,-3.72122367930721,0.446563437852899,-0.909601069992453,3.57785365486896,-2.39835673907552,3.12604514058908,-3.58337136949743,-1.59922901630728,2.82534025885294,-0.167339118043892,-3.99098899338654,-2.11837382456106,1.88777977264942,3.97374638912645,-0.497249983414617,-4.23070832631388,-0.994506593810455,0.263440409668392,6.03803518863732
3.91120249559902,9.73712767779764,-3.23505999520362,3.38458435273466,-0.637427401746934,3.28443371298507,-1.76049719518251,-0.437104326000773,-3.90211269330001,-4.01474640009569,-3.57650951220394,-3.68682191928697,-4.03133210361123,-0.827782888855658,0.337287059216292,-1.62720313265916,3.56365609934067,-3.05704540998596,-5.69414494739309,2.53739687196063,3.84586459852752,2.5955978729182,6.31398161623699,0.221281950948998,-3.35987826726819,2.16303167010672
7.16722887666797,3.91226372539901,2.08817273357779,2.23664843939523,-1.22375069157444,-1.69840916719041,3.59596576826199,2.095221653566,-1.70920996289974,0.660274332390447,3.46708546799447,2.18197231275562,-2.47972584350443,2.13855970014017,5.0277022661691,2.39917661663655,0.998826728952634,-0.275006748902802,-1.91960706178826,1.23052652651083,1.00348649955078,1.43126105041596,0.199171739923151,1.69820492956426,-1.92589351602465,-3.66849259292798
16.7014621599886,-0.419123602378173,5.74079894337746,0.180284297381329,0.95907102580889,-1.28903785377281,1.49971500204444,-1.51944628851664,-0.527339517063413,1.21421264409524,-2.91573097072681,-1.34212289612176,-2.06309586015358,5.31333593964779,1.88486974974484,-2.93811562094905,3.57343962809979,-1.09381474088738,-3.30109310640848,1.48676570020058,-2.33575927490211,1.31378032076227,-0.0570747291532539,5.41206670174604,-4.06986441029421,-4.06692540096173
-8.92890031420576,1.87540478237715,-0.356761866472767,0.570354983196373,-2.83936996001594,3.07501695808656,2.82304825722463,1.37500887699989,-0.816079074452811,-5.8441362427165,0.850135729760765,-0.627919994779833,-0.0392007311779324,3.8886276975845,5.3981707622359,1.57297511510459,0.900097142922713,-0.133744619929618,3.17638673898729,-2.16473790798348,3.81047099776021,0.114608951204758,-0.208091744524078,-2.20819423825011,-4.2960235792306,3.71295477737452
9.19765536008001,-3.41570361603535,2.91028491393133,0.352505168214956,-1.67292455023973,-3.31465965112079,-1.11355703196637,-3.09448456857658,3.54396432400867,5.86224167104761,-3.98467959837357,-0.53545952759821,-2.67117051552625,0.565449696817609,0.776299462413972,-2.69824124129562,5.21653530251435,4.76483682859672,-1.54653965372606,-1.80604624100441,0.292029835879807,-1.23816222702108,2.81981694128046,-2.23234576220318,4.44018892698338,2.39101842470406
-6.47220708028448,-3.20027048395902,-1.74486281547562,0.311132752990327,1.63016578141629,2.10140754449273,1.06406109698254,1.88227965987753,1.75550393544419,-5.23792748757661,-1.90507295268872,0.306047340146383,4.79691119480481,1.30777797739641,-4.72886219415179,-1.5395389682376,1.11687438045066,-0.33130808293028,0.338207957606698,6.33561025504231,-0.791987238873621,-2.15782963832253,-1.04804037623381,4.42677592269862,-2.43027177812362,-5.54199480881685
8.21526733829311,-0.692639958919706,-1.97783815097908,0.60581506598253,-3.62659739430838,-4.40437891857212,-0.737912257732257,-1.38325750109078,-1.16777101220891,-3.31072942398292,-3.4226584012017,2.21846928429051,0.0115683434360842,2.87300563362532,-4.6306322695495,-2.17542523711022,-0.191080874254601,-3.1370490192305,-1.28269316369444,8.54112577108551,1.42019369814969,-0.1978291967951,3.12110372549333,-3.99747910192683,2.00788634116879,4.75809325530793
-19.4293723907681,-7.91970916045282,-2.89855760714579,-3.54863981825796,-3.46873875415923,-0.600644277576623,1.99186775633848,-2.25833716425992,1.81794870386279,-3.46744629931368,-2.7493351671452,1.71640413037121,-3.99110814822051,3.69873404620126,4.4639470985022,2.31759134660638,-4.23118716276814,-0.415209543145937,0.467796544694653,2.76573555521512,0.787053150865747,-2.80578726805467,3.10034749585853,-6.23070171619147,2.43637714956919,2.1880417843677
-7.15031675154308,1.96383383525582,2.29756283283632,4.93574345683148,2.12848196523752,-1.08283799865087,0.96014874073475,-2.41649307070638,2.18562509722226,4.36509148995727,0.751377436794456,1.42556035887234,0.0803718207980572,0.275442531399461,0.407821100914977,-1.33785728463955,1.87383065149795,1.30348643115479,-0.942421251734818,3.44377137315651,-0.870533794740535,1.08039862991544,-4.44364528094077,-3.4139759334757,-3.40050650610174,-7.09924124871819
-20.2812565485916,1.0863413698594,-5.80622169668309,-2.16738121160383,-2.05303008301842,-3.71842160091185,-1.70713247645464,3.32071543524303,-1.05191957372191,-0.444847781184225,2.22614106716692,5.18444988162826,-6.15329654812672,9.03314055223584,-0.0311750530608384,-1.13625841819302,-1.37442403219155,-2.65608832734588,0.339359261990751,4.76392299466056,-4.04271513267232,1.94293123949919,-0.66206629604884,2.28730238928,2.85726508345953,-2.96603611597413
32.4300044397982,-1.05506841698859,0.9596104994186,0.918149610511743,3.65188373531647,3.6807250473368,0.359861226653605,-2.39201498924133,-1.88353659597113,0.944538085637123,-4.07376020858989,5.64140848525699,1.6017051364879,-2.32378765784872,-8.79887834078505,2.70838131623267,1.8401156575454,1.28269326341436,-3.61138127985186,-2.00922970909785,-2.95174388233071,-1.80503981649176,-2.89459000243103,0.23074962580357,-0.224573436987321,1.36581462504715
-3.82473873017574,-3.44045865038267,3.48205402009327,-0.363090034079319,-4.95368189016731,0.271502187965998,4.12258924080457,3.24238212583531,1.08874824164412,1.54368495509479,-0.413014479708793,0.33336012019865,-2.2915397967692,0.0906654514268479,-5.09199946527009,1.08674948092813,-3.11005673460232,-1.44426326528056,0.796078530508047,2.9259209025193,1.58150364993987,2.77486810419189,2.12018186506977,-4.83228823993125,2.4836113110641,1.1400800762693
2.68580837630703,-2.27453093146406,-0.0940229716986157,2.29605479564288,0.919841551529325,-0.666843338734926,-1.16284757046828,-1.46781768239846,0.143617595377206,-1.54544836577229,7.40348162712123,-0.840070180616357,3.04557677281918,0.373147113062213,1.76503854240529,-0.0370480990740978,4.78823760439724,0.925362652464531,-0.956616793623282,1.71426156430369,5.49966694048734,-0.87043943537092,3.11679151617174,0.94496028795005,0.880547270845444,3.59101819673665
-2.34096748267649,-2.56930532778374,3.59937811181706,-3.41451985637085,3.78011173085812,3.92752867942313,-0.00136269765610969,-2.78904280122143,4.23270310465584,3.5083999084878,-2.18000277098602,3.37806637559959,2.92540045344157,-2.30309693002664,-2.95263581085793,4.33505326282496,-1.94372360297007,-1.61826101358595,3.52909676614806,1.98510536651901,2.02298911862043,-1.3337530266395,0.859386183297206,1.1901491539751,0.993879835117363,-2.66509445972768
36.3306277458516,1.93050090032286,1.37453742543295,1.65719136182766,2.56525026268257,-3.39821966798736,-3.23348905007451,2.79236916745517,-3.91058713876137,-1.96846663604194,-0.296381014195222,-0.585452163491853,0.252056403154413,-0.486936990151509,1.09678859802414,-2.08704148529308,1.91895109971687,0.0742636035234626,-0.787676335714703,3.09717981601713,-4.51276426223909,-0.789777255088149,-2.83073422435932,3.48910467832239,3.03365672407186,0.575523139139182
-17.9054815190374,-1.70519777039012,-0.429939763263134,-2.25182751726104,-2.60851677143641,0.706629048802042,0.929997439448694,-7.95494951792285,-0.410523495641349,-1.29826209586894,2.30660929984481,1.76189324605145,2.16446144256869,-1.1583176563276,1.6312397775615,0.540443001385706,-1.23937347637883,2.60556673444432,3.51772243354073,-3.40888813011256,-2.95978622335044,-3.50144565881824,-5.16873329821028,0.0729989980317277,2.81954113312972,-1.62911267447163
-7.59213738004148,-1.78037704967102,0.262946476480195,2.13264073965351,2.15918613284528,-3.33631877412575,0.15914573598542,-2.1090274394373,-0.675584991971854,-3.91944267880118,0.929624706799227,0.0804447362411735,3.34493278078796,-2.32768110068244,-4.22660446191428,-3.03623431503206,0.607412157969357,-3.91638451381204,1.08456811993423,0.61487496170687,0.948848978492572,-1.16121202535091,5.77507928619794,-1.7652931228968,-2.18672992914746,0.622010570967029
18.4524733808155,6.65523617044822,1.52653943033912,3.18885275064427,0.116137476317376,2.15492927064663,-1.75515418876669,-0.502064530894059,-2.84090000148925,-5.19227161561427,-2.89484928002002,-1.32664947853576,2.09651934074129,2.01903268667282,-2.70841405574429,-0.881938257015353,1.02222033181389,-2.40850989522939,-2.32519070448773,-2.77424593814948,-3.48887944930703,-0.912495313610298,1.09643572408767,-4.65097041458835,2.48510419385262,-2.70448379993716
15.1449900325083,-3.83875803265721,4.05571850346265,-2.39980716518805,1.47902669755397,-0.581206590060242,-2.84300818434217,-7.2939144410838,-0.457952477629965,-0.53349139543958,1.17108100842242,-3.36361575340832,-2.88856327935018,-5.18400480090536,4.09173424335895,4.19732189696044,0.0419085305551742,-1.89710527712461,-0.313789484894263,-0.421340863916459,2.59816157698535,-1.70596082176753,-0.303317223120339,1.0075019946718,-4.86180166889144,-1.46940207810304
-8.94603849546567,3.97848456385366,-4.05445058741482,2.83114473929244,-4.1359156414945,2.06244822253096,2.30080548523219,1.66210442456826,3.39476869573538,-3.72485744615584,5.59149105526264,1.53428791683133,4.98668573148051,-4.26569764068712,0.916006072178445,-7.81919499763817,-0.658357790311541,3.78381092425152,-3.8348133027466,-3.42203587770252,-0.0693482963891777,3.26389095563791,1.05921775851437,-3.85579745865934,6.94126863851894,-1.9445638028375
14.2816025325907,-6.56942427986893,-3.11250687918011,3.49676620713103,3.92238819294787,-2.64238680906764,2.8017045642829,-1.72844702399113,1.20770580006424,-0.322055986252257,4.64175662489394,-2.59592395091839,-1.14959111182943,-0.895691206042251,3.97896145425671,-1.00796391778676,-1.68443302210207,0.238385656823768,1.79043768999249,-1.04272659975422,2.0409989987317,6.6001876279758,-1.59618628561297,0.334961014342719,-0.545262450602216,-3.17674972500796
-2.2910668777601,1.94459920856348,1.04429646946083,-3.02387761444753,1.92605038201213,4.99656824663499,1.57533737213563,-3.01382125681074,-5.10779624946226,1.65439575006808,2.91059573869806,-2.1486102744362,2.58192792371751,-2.0279715474324,-0.829515172523128,-0.286092829021461,-0.6025049390408,-3.02643140300354,-3.86995910548605,-2.20069292043446,-2.70394817035709,-1.63420636486234,2.40472531077812,-6.15492160083852,1.19667997597516,0.099183057757058
-7.85700826032844,4.89788246843425,0.231054517333984,-6.36983461354472,-1.36322890749834,-0.676257397735122,-0.633785735029116,-2.89333087581648,2.21234640590435,-1.89333639765791,0.313071323171164,-0.504588470282549,-5.07114719512745,-1.63717527017736,-4.62509409291893,-0.156029457868053,-2.79431359323236,5.62545961192069,2.75849282876586,1.26393750862293,-4.56967566882938,4.19284491434561,0.75308514550095,2.65567158109949,-0.977766593328467,-2.06919000174133
5.20124786658546,1.38878796470915,-0.0941159152685301,0.0035305252607275,-0.978154473171576,-0.751501115551319,-5.30918613184012,-5.17616107693373,-3.46324405381369,2.67255084200323,0.094215831481116,1.06053540758585,1.67319862721614,-9.0537829758614,-0.765386801440947,1.3950623291636,0.696868655160441,-1.50989526987619,0.476272934644318,-0.754310939455032,-0.209780554374563,4.06970403653859,2.43224000589232,-1.87166953803224,3.53789496723594,4.48864067142124
-7.97505658698578,-1.16357880216627,-1.03376646574455,-1.61127545599234,-2.12268609823416,-1.92030093457823,1.0767936079892,-4.30243898923255,1.59130404389811,-0.684051352560523,1.02723692099495,-1.9147314288819,0.853013060116303,0.0248503256857961,1.34708274741845,0.1069700464649,2.43581770233067,-0.750077051604017,4.00389438846444,0.706613425365093,-3.92140387767235,-3.34885895430145,1.84377002228952,-0.823691593523314,-1.96219057193059,-2.05896261194362
18.1158864658679,0.11980280758967,0.476001445291813,1.73896846546811,-1.32525507392776,2.32685684823147,1.42121015845801,-0.410589497192974,-0.706608442391312,3.87907985310725,4.27331681287826,-1.77229127107826,0.383431408232654,0.239786498605991,1.46301814112677,-0.430161722279926,-5.9892452919995,-3.94411148358007,-6.46647018708915,4.20276251308128,2.10692269759233,0.755429952868214,-1.32483530588709,-0.909037961607621,0.774720675220382,1.70927399884121
13.8491279143597,3.00759179861523,-2.56285855875455,-3.60089903754671,4.90055423207355,0.453611946507215,-5.97521772178409,-2.57402973617532,-0.512927393654908,-0.436921882572341,0.615620626084792,-1.95726736515537,1.41962929561555,-3.48570860528885,-3.41982946382289,3.04193328818827,-2.05415155950908,-5.44094489178564,-4.16378281554784,0.525897171500496,1.61124422145049,-1.35808091085422,3.59422886153347,1.79230339588901,-1.65554603899827,-1.80245339975013
-6.72837949845313,-2.85831708775566,-2.32655671786976,4.4455613370942,-0.977995460220532,-4.36359333734761,2.82031722543701,1.62026646780028,-1.19835774988934,-3.04618741798422,-3.71049430390267,-4.1022731813877,-4.65062238385636,3.38467284487354,-4.46725901875866,-2.93135291381807,-4.54188157452069,-2.58629053486331,-3.04508023241032,4.96860430811188,-0.878596911807405,0.530534148059442,-5.31790001921989,-3.49832486944738,-0.617548197907844,-6.01461462180285
-4.64531672965111,-0.453703739237048,-0.7262479743119,-4.80652795360591,1.35763362512232,4.7223910607459,0.872755367977888,-4.67734472199398,4.92469694679917,-3.90402969108185,-3.28645359935287,3.65957201542565,-3.13884990832422,1.81131539330697,-5.31752714120701,1.66389306058527,5.24347191563656,1.46455868321302,-2.46258511782127,-1.27513249861323,3.9548747027482,5.8347617654071,2.96870237267097,1.36516400697742,4.42638999337971,-3.17164910134526
-15.5550072239643,-2.53689486657226,-1.8064606416742,4.10168496557364,3.24727620884416,0.547310049255213,6.65552164059189,1.21543964809324,-1.40744659535605,2.32973878394163,2.79889967802413,-2.54279042768614,1.48353927538726,-4.10504755909267,4.0920158955443,-0.445497397743968,-1.37841727038062,-0.435325080219908,5.24932454883763,-3.45296930255609,-0.974562042832133,-3.27001963763139,-4.23023563705564,-3.52864695095531,4.95031267767191,0.372650660945181
10.4600773038821,-5.82761842888211,2.1820166677952,1.37476732131788,1.25677212555845,4.51144814933206,2.56283123254886,-2.03245323007151,1.4273488674586,1.17259466547615,-3.98656549546042,-0.143827042334379,4.01369644276136,-0.760291114250391,-1.79221525702321,0.0407031488471632,3.67926025669773,1.944152368472,3.63600024153363,2.01910090716502,0.248465542510486,2.7348664872138,-0.270719790883611,-6.22413517185504,3.7742373570325,2.07172916455968
19.9321066178087,-1.30664134164521,2.59742939613832,-0.157393326838826,-1.69092079851817,2.39142453258471,-4.18712011860478,-5.03277975099808,-1.10030376951559,0.422483323416771,2.42056678120069,2.8841521691438,3.05256288596589,0.768880493753117,-0.875135544082787,7.19288134147686,4.78385244795597,-0.378115521612048,-0.369315783936793,-1.48768579467637,1.44866126394777,8.39360369395148,-1.64757557913284,2.16258773064185,0.535056373843328,2.08089816007077
-23.6047421172354,1.0208528220661,-4.89583590984541,2.81644706044315,1.08269627611268,2.40102409983185,1.20573973096612,-2.99476700411107,-2.69192450477791,-3.77599026815188,-2.31018907386829,5.23612956668071,0.911767212909947,0.699116174350285,5.5172809039471,1.07671706660534,0.206304611028825,2.55926036648416,7.1728153166737,-1.3431425340245,3.98261770999985,-0.846054381285403,-4.36066611441777,6.64336893378774,-0.464734030080083,-2.82134855278675
20.9693013050155,1.12597858135292,1.27763014426056,-2.24740868026817,-1.73574614657498,-2.37341229854151,2.57835130581877,-1.52890390495255,2.61314634739873,-0.576678643176291,4.27556362883595,2.37621221789237,-0.16702462945499,-0.529961164729928,6.99671476841436,6.51823023922576,4.04237637194792,-0.798995101159918,2.08646672887015,-3.56158961060392,-4.18026183804764,-1.62417932516856,5.00960607816563,-6.21352152097442,-1.66949399365503,-2.66250974119857
14.0803909226537,-0.026924537378632,2.60043861385601,-3.54254824752892,1.48522663045305,-0.992857091959528,-0.480363445530562,1.63212644765617,3.674989965173,2.09840748225179,0.508952013252297,0.492096725744745,3.50870775115834,0.0812876456806351,-2.61066503924689,-1.02142412526922,0.818353175112079,5.6386522468724,3.86560181735081,3.53387248000741,-1.55055878358551,-4.98459027017664,-0.564456995507034,0.410385317433939,-3.06324949063104,-0.831131635600599
-17.1266874047266,0.00381310655975788,-3.42683835941936,-2.82889084343118,2.69143366350246,1.6571468571421,-1.15243722411139,-2.47575933932337,1.667230238074,-0.240712424562308,-5.63199934502489,1.38521027319384,1.52108147469713,0.605801908037051,2.01635166188589,-2.92991370516997,3.14457003128057,2.80600816508958,3.89576981919961,4.82876356200882,-1.48524279001001,0.613127099070337,-0.475164969593372,0.767629218251793,3.16340005018179,-0.586192430759713
-26.5343242916664,-1.9168299681403,0.246020051037368,6.3818193191327,0.74275444267206,0.552394669730367,-4.96156284482437,-0.603128870288399,-4.54468771325038,0.264597308569173,1.4528206880651,-3.21512634442059,-1.96345061546525,0.481388287617125,0.921564946344132,-3.7290451121374,-2.66643250945,-6.6048506051078,1.6658196417116,4.29328160769112,0.455718104767596,-0.549845863424729,2.3160780884409,0.602422213675392,-0.570146846177733,0.481499218412649
17.3656550977519,-0.733337133266172,-5.50569923825687,2.04338915318073,3.87369578119587,-3.89340542444863,-1.50464428428652,-4.49789663248424,-0.63932122210334,-2.08724499813385,1.99267743450747,0.874595886082738,4.16030986707999,0.698257440143101,0.00467535106772968,-1.87972353805391,-4.14705783068454,-0.370151865464849,-5.76833907652982,-4.89409579443592,-1.89011922318569,-0.160289974602999,3.69735866195475,1.70134838633998,3.06166882042325,-2.10072967518052
4.53533910326266,-4.99053081765462,-3.80375627410218,0.854122198978282,1.47710080066895,1.31351828586054,7.00577552653239,2.05802140385824,-2.35459246046839,3.60570387033958,3.49794971617095,-2.63649831337336,-2.58819283941491,-2.74035423481645,0.134909978176747,-1.72291006772534,-5.74014168444796,3.80399614832879,-3.28499977368561,0.917140821500952,0.165368703677428,0.0867987638789736,0.157065013503984,3.09582115899164,1.47520773167389,-1.56198819569125
18.6596361719474,2.2181033100198,-1.10443949651567,0.998042600705465,2.14688027711847,1.67308398791076,-0.326830524755373,1.76300403196036,2.96811754526444,-0.089751870821339,-3.54624483537209,-3.11402668080488,-1.69830463663643,1.56874057286734,-0.998028368625598,2.10021013292169,-2.19558748866417,-1.40319263657399,-2.50917102832895,2.04862418702017,-7.64399109033872,-1.36769195413307,-1.60815976537304,-0.00383958785110582,1.26069380186789,9.36259494874159
0.998739920930212,2.21226065025163,-8.68546562541253,-0.702922635934721,4.58385720765892,-2.24911309226793,0.174302140811239,-3.77224186306375,-1.47784048878946,-3.32434486938146,-2.26707467265071,3.25389373469653,-9.60727062382155,0.0939951263906798,-2.7634537796576,2.10199362362028,-0.478706298902898,0.83628526729707,0.517441902688229,-5.89360861071739,-3.07810905517329,4.62250976073074,3.55193143186302,-1.58745295720849,-0.488929840348415,-2.7017947847786
-0.44480516503534,0.644893429060545,1.55684549484127,1.8409833174043,-2.47783231645557,-0.0574082747202386,-1.96033452279415,0.470633823439114,2.75087174611771,-1.85976633798145,4.64370790444623,4.03514516178596,-3.70326891047068,-0.55517444318576,-5.48265772315153,3.9515571671301,-1.47770826874134,-1.05058126318222,1.58062956522095,5.52814822597761,-2.28624487530337,-1.25084502335317,1.66207492293511,-0.591824271085379,3.71770024674405,0.511172211151167
25.2579430328364,-1.54656790421043,5.34413244117085,0.572398554724178,4.14248374099631,2.53418519403513,2.29997673040854,-0.785763660015272,-0.0945377675886495,2.1507422250533,2.98612118842697,6.20819352535147,3.25104578458612,3.2217541955243,-2.87738803448344,0.42459340651944,-0.591068928792441,-2.30300835597863,-1.29471278127164,4.12538085515387,0.300289607626022,1.59520424431677,-4.0621302992079,0.865258085230035,0.407246533556468,-1.40347294136698
-8.67026648157798,-4.52875974750643,-2.52481710511311,3.93405942373629,-0.861242055875013,1.49065763395523,3.94062273667649,-0.529228309262162,0.523859597445446,1.80927654312534,2.76509004319163,0.773338719831524,-4.18790987514072,0.324118228615282,0.958147115501101,3.09112178788854,0.825169606827416,-3.9197895398345,4.39464342826092,-4.98481903957342,5.33620971656845,0.726411288495332,0.798803432207599,-2.25960369611721,-1.49294736378663,3.07308926961115
-8.41088534189697,-1.72044612273853,-0.618784722557869,2.35370428561232,-5.80654588863746,2.12745534243085,-2.24975017691791,-1.61517084574897,-0.915984333198173,-2.20976956528001,-1.71813467840771,0.783121408940296,-1.21188507665257,5.84112450054676,2.25537035646086,4.20242816460445,-0.501478775882467,5.63782504152924,1.3989325918037,3.18099555886439,-1.57782588772044,-6.96841970119048,2.77037575727535,-3.67231207184927,-7.29660495972299,-3.18337192504221
-22.0516290976561,-5.37268837460558,-1.91393665239521,-1.5623022377706,-4.01695740997839,4.23889100422768,-1.48359135574122,-1.59594599525753,-0.756085433280141,7.82480775710573,-0.762214813630906,5.0598621401668,-3.61033951275572,1.98781369887461,0.976828013425812,-0.888481067235532,-0.834498601599559,3.09161904022386,6.35328240526676,1.27881206499735,-0.627772227056165,0.732752695979263,-0.614123001084836,6.33996220292105,-0.160716582034879,-0.511639453654067
-27.6137356468843,2.16883619632189,-1.32594391466151,2.89759163271418,-3.92531557367113,2.13623132005473,1.97334963641747,-1.0202785869719,-4.2460785177485,0.608887414846154,4.96622570036432,-4.29587999149985,0.8301703230898,-1.7667636609735,-1.92676533543128,-1.67489617242187,-1.4241003118813,-2.18164535688778,-1.73483488095498,-1.58181880700708,-0.0879411977577038,3.71244990026487,-3.75965703243994,0.973200850793141,0.481696314484204,-6.27717078244189
-12.1015037843964,1.9739059108493,-2.83719074618388,0.94766908802965,-2.5149354209574,3.56463069530465,1.40390062607641,-0.19383237499914,1.75444548500278,-1.71898393107913,0.596448784849226,0.274338767354581,-1.25113644542184,2.87159740330422,7.05185480754221,0.771786469054319,1.00568414355294,2.9833483148071,0.642853516497124,-2.08891979503687,-6.15661437632655,-1.72073021698975,4.09274896426264,2.20984444208759,-5.37033155081105,1.72350739247291
-1.03037361300945,2.22742388259185,7.30971533149699,-0.931114612766391,1.15548258497321,1.70139246277456,-0.765208827696826,0.761499786802076,0.559292257227752,0.0683907592006541,-0.244891662839736,0.788170720974556,1.57836019079414,4.48521520390754,-0.9127832611555,-4.40740893794096,-8.09519825744824,0.63278938704588,-1.23934553401052,3.30311230991693,-3.79287588471658,-1.47888671893761,-1.17037507024999,8.59955332185691,5.76572676195638,-2.41985638464301
-15.6744635710352,-1.8296637973649,-1.13515348758524,-1.71011205077062,-3.99687158992842,-0.772564141645273,1.81232413674854,3.63460467651258,0.977277289014707,7.74251994665502,2.54023370418036,1.47381279432838,5.43986158134413,-1.06190982048376,2.67920926758204,-3.2061480062901,4.76094009444252,-3.4075096154188,1.6744036540607,-0.813232615570853,1.15586701770008,1.76093497247535,-0.444193775550344,-1.6227560412604,2.73859075373099,6.30574434073906
